{
	"info": {
		"_postman_id": "604b5087-f5c5-47f7-9f71-7b44c920982e",
		"name": "IBM",
		"schema": "https://schema.getpostman.com/json/collection/v2.1.0/collection.json",
		"_exporter_id": "27402873"
	},
	"item": [
		{
			"name": "Create a Book",
			"request": {
				"method": "POST",
				"header": [],
				"body": {
					"mode": "raw",
					"raw": "{\r\n    \"name\":\"omar\",\r\n    \"author\":\"mora\",\r\n    \"price\":300,\r\n    \"summary\":\"This is cool book\",\r\n    \"description\":\"COOL BOOK MADE in 1922\"\r\n}",
					"options": {
						"raw": {
							"language": "json"
						}
					}
				},
				"url": {
					"raw": "{{URL}}",
					"host": [
						"{{URL}}"
					]
				}
			},
			"response": []
		},
		{
			"name": "Signup",
			"event": [
				{
					"listen": "test",
					"script": {
						"exec": [
							"pm.environment.set(\"jwt\", \"pm.response.json.token\");"
						],
						"type": "text/javascript"
					}
				}
			],
			"request": {
				"method": "POST",
				"header": [],
				"body": {
					"mode": "raw",
					"raw": "{\r\n    \"name\": \"omar\",\r\n    \"email\":\"omdddadr@gmail.com\",\r\n    \"password\":\"12345678\",\r\n    \"passwordConfirm\":\"12345678\"\r\n}",
					"options": {
						"raw": {
							"language": "json"
						}
					}
				},
				"url": {
					"raw": "{{URL}}signup",
					"host": [
						"{{URL}}signup"
					]
				}
			},
			"response": []
		},
		{
			"name": "Login",
			"request": {
				"method": "POST",
				"header": [],
				"body": {
					"mode": "raw",
					"raw": "{\r\n    \"email\":\"sc@gmail.com\",\r\n    \"password\":\"\"\r\n}",
					"options": {
						"raw": {
							"language": "json"
						}
					}
				},
				"url": {
					"raw": "http://localhost:3000/login",
					"protocol": "http",
					"host": [
						"localhost"
					],
					"port": "3000",
					"path": [
						"login"
					]
				}
			},
			"response": []
		},
		{
			"name": "Get All Users",
			"request": {
				"method": "GET",
				"header": [],
				"url": {
					"raw": "http://localhost:3000/users",
					"protocol": "http",
					"host": [
						"localhost"
					],
					"port": "3000",
					"path": [
						"users"
					]
				}
			},
			"response": []
		},
		{
			"name": "Get All Books",
			"request": {
				"auth": {
					"type": "bearer",
					"bearer": [
						{
							"key": "token",
							"value": "{{jwt}}",
							"type": "string"
						}
					]
				},
				"method": "GET",
				"header": [],
				"url": {
					"raw": "{{URL}}",
					"host": [
						"{{URL}}"
					]
				}
			},
			"response": []
		},
		{
			"name": "Book By name",
			"request": {
				"method": "POST",
				"header": [],
				"body": {
					"mode": "raw",
					"raw": "{\r\n    \"name\":\"meshtshat\"\r\n}",
					"options": {
						"raw": {
							"language": "json"
						}
					}
				},
				"url": {
					"raw": "http://localhost:3000/",
					"protocol": "http",
					"host": [
						"localhost"
					],
					"port": "3000",
					"path": [
						""
					]
				}
			},
			"response": []
		},
		{
			"name": "Book By Author",
			"request": {
				"auth": {
					"type": "bearer",
					"bearer": [
						{
							"key": "token",
							"value": "{{jwt}}",
							"type": "string"
						}
					]
				},
				"method": "POST",
				"header": [],
				"body": {
					"mode": "raw",
					"raw": "{\r\n    \"author\":\"mora\"\r\n}",
					"options": {
						"raw": {
							"language": "json"
						}
					}
				},
				"url": {
					"raw": "{{URL}}byauthor",
					"host": [
						"{{URL}}byauthor"
					]
				}
			},
			"response": []
		},
		{
			"name": "Get Book by ID",
			"request": {
				"method": "GET",
				"header": [],
				"url": {
					"raw": "{{URL}}6518ef0fb9008818bcb512b0",
					"host": [
						"{{URL}}6518ef0fb9008818bcb512b0"
					]
				}
			},
			"response": []
		}
	]
}